101 далматинец;1961
12 подвигов Астерикса;1976
5 сантиметров в секунду;2007
9,99 долларов;2008
D: Жажда крови;2001
D: Охотник На Вампиров;1985
Lego: Приключения Клатча Пауэрса;2010
My Love Affair with Marriage;2022
The Beatles: Желтая подводная лодка;1968
А скоро осень?;2000
А скоро колледж?;2002
Аврил и поддельный мир;2015
Ад Данте: Анимированный эпос;2010
Аисты;2016
Акира;1987
Актриса тысячелетия;2001
Аладдин;1992
Аленький цветочек;1952
Алеша Попович и Тугарин Змей;2004
Алиса;1987
Алиса в стране чудес;1951
Американская история;1986
Анастасия;1997
Аниматрица;2003
Аномализа;2015
Аполлон-10½: Приключение космического века;2022
Астерикс: Земля Богов;2014
Астерикс завоевывает Америку;1994
Астерикс и Клеопатра;1968
Астерикс из Галлии;1967
Асура;2012
Атлантида: Затерянный мир;2001
Ачи & Сипак: Убойный дуэт;2006
Бабушкин рецепт;2023
Багз Банни или Дорожный Бегун;1979
Балерина;2016
Балто;1995
Барашек Шон;2014
Барашек Шон: Фермагеддон;2019
Барби: Лебединое озеро;2003
Башня;2016
Безумие!;2016
Безумный бог;2021
Белая змея;2019
Белое пластиковое небо;2023
Белоснежка и семь гномов;1937
Бемби;1942
Беовульф;2007
Берсерк. Золотой век: Фильм I. Бехерит Властителя;2012
Берсерк. Золотой век: Фильм III. Сошествие;2013
Бесподобный мистер Фокс;2009
Би Муви: Медовый заговор;2007
Бивис и Батт-Хед уделывают Америку;1996
Большие гонки;1975
Большой злой лис и другие сказки;2017
Босоногий Гэн;1983
Братец медвежонок;2003
Бугай;2009
Бунюэль в лабиринте черепах;2018
Бэтмен: Возвращение Тёмного рыцаря;2013
Бэтмен: Маска Фантазма;1993
Бэтмен: Нападение на Аркхэм;2014
Бэтмен: Под колпаком;2010
Бэтмен: Убийственная шутка;2016
В гости к Робинсонам;2007
В лес, где мерцают светлячки;2011
В поисках Дори;2016
В поисках Немо;2003
В этом уголке мира;2016
ВАЛЛ·И;2008
Вальс с Баширом;2008
Ван Гог. С любовью, Винсент;2017
Ван-Пис: Красный;2022
Вверх;2009
Ведьмина служба доставки;1989
Вершина богов;2021
Ветер амнезии;1990
Ветер в ивах;1995
Ветер крепчает;2013
Витязь Янош;1973
Властелин колец;1978
Властелины времени;1982
Возвращение Буратино;2006
Возвращение кота;2002
Волосы дыбом;2004
Вольт;2008
Волчьи дети Амэ и Юки;2012
Волшебники;1976
Вор и сапожник;1993
Воспоминания о будущем;1995
Воспоминания о Марни;2014
Вперёд;2019
Время Евы;2010
Все псы попадают в рай;1989
Вук;1981
Гадкий я;2010
Гарфилд в кино;2024
Где Анна Франк;2021
Геркулес;1997
Гисаку;2005
Голго-13: Профи;1983
Голова-утиль;2017
Головоломка;2015
Головоломка 2;2024
Голубой гигант;2023
Горбун из Нотр-Дама;1996
Город героев;2014
Город чудищ;1987
Городской охотник;1989
Гостиница Окко;2018
Гринч;2018
Губка Боб — квадратные штаны;2004
Даже мыши попадают в рай;2021
Далеко на Север;2015
Дамбо;1941
Двенадцать месяцев;1956
Девочка, покорившая время;2006
Девочка-лисичка;2007
Девушка без рук;2016
Девять;2009
Делай ноги;2006
День рождения Алисы;2008
Дети дождя;2003
Джеймс и гигантский персик;1996
Джек и механическое сердце;2013
Дикая планета;1973
Дикие лебеди;1962
Дикий робот;2024
Динозавр;2000
Дитя погоды;2019
До последней твоей смерти;2019
Добрыня Никитич и Змей Горыныч;2006
Добытчица;2017
Долина папоротников: Последний тропический лес;1992
Дом волка;2018
Дом-монстр;2006
Дорога на Эльдорадо;2000
Душа;2020
Евангелион 1.11: Ты (не) один;2007
Евангелион 2.0: Ты (не) пройдешь;2009
Евангелион 3.0+1.0: Как-то раз;2021
Ещё вчера;1991
Железобетон;2006
Жизнь Кабачка;2016
Жизнь поросенка МакДулла;2001
За облаками;2004
Заколдованный мальчик;1955
Запад и содовая;1965
Запрещено собакам и итальянцам;2022
Звериные войны;2000
Зверопой;2016
Зверополис;2016
Звероферма;1954
Земля до начала времен;1988
Знаешь, мама, где я был?;2017
Золушка;1949
Зомбиллениум;2017
Игра разума;2004
Идиоты и ангелы;2008
Измена;2013
Изумительный Морис;2022
Иллюзионист;2010
Интерстелла 5555: История секретной звездной системы;2003
Ину-о: Рождение легенды;2021
Истинная грусть;1998
Истории ран. Часть 3: Холодная кровь;2017
История игрушек: Большой побег;2010
История игрушек;1995
История игрушек 2;1999
История игрушек 4;2019
Исчезновение Харухи Судзумии;2010
Исчезнувшее изображение;2013
Как приручить дракона;2010
Как приручить дракона 2;2014
Как приручить дракона 3;2019
Как я провел свои каникулы;1992
Какой чудесный день;2012
Камни в моих карманах;2014
Камуфляж и шпионаж;2019
Каникулы Гуфи;1995
Карлик Нос;2003
Карнавал роботов;1987
Кингсглейв: Последняя фантазия XV;2016
Киноманка Помпо;2021
Кирику и Колдунья;1998
Клаус;2019
Книга джунглей;1967
Книга жизни;2014
Князь Владимир;2006
Когда дует ветер;1986
Комета в долине муми-троллей;1992
Конгресс;2013
Конек-Горбунок;1947
Конец Евангелиона;1997
Корабль-призрак;1969
Коралина в Стране Кошмаров;2008
Король и птица;1980
Король Лев;1994
Король свиней;2011
Коронный бросок. Фильм;2022
Корпорация монстров;2001
Кот в сапогах;2011
Кот в сапогах 2: Последнее желание;2022
Кот раввина;2011
Коты-аристократы;1970
Кошачья жизнь;2010
Кошка по имени Лили;1987
Кошмар перед Рождеством;1993
Красавица и дракон;2021
Красавица и чудовище;1991
Красавица-воин Сейлор Мун: Космос;2023
Красная черепаха;2016
Красная черта;2010
Красная Шапка против зла;2011
Крепость: Щитом и мечом;2015
Крестьяне;2023
Криптополис;2021
Кровавый чай и красная ниточка;2006
Кровь: Последний вампир;2000
Крулич;2011
Крысолов;1986
Кубо. Легенда о самурае;2016
Куда покойники уходят умирать;2012
Кунг-фу Панда;2008
Кунг-фу Панда 2;2011
Лагерь на свежем воздухе. Фильм;2022
Ласточки Кабула;2019
Легенда о волках;2020
ЛЕГО Фильм;2014
Лего Фильм: Бэтмен;2017
Леди и бродяга;1955
Ледниковый период;2002
Ледниковый период 2: Глобальное потепление;2006
Ледниковый период 3: Эра динозавров;2009
Лео;2023
Лео и легенда;2007
Лерой и Стич;2006
Летние войны;2009
Лига справедливости: Парадокс источника конфликта;2013
Лило и Стич;2002
Лис и пёс;1981
Лови волну!;2007
Ловушка для кошек;1986
Лу за стеной;2017
Луиза зимой;2016
Лука;2021
Люпен III: Замок Калиостро;1979
Магазинчик самоубийств 3D;2012
Магическая битва 0. Фильм;2021
Магнетическая роза;1995
Мадагаскар;2005
Мазафакер;2017
Маленький Немо: Приключения в стране снов;1989
Маленький Николя;2022
Маленький принц;1990
Маленький принц;2015
Мальчик, который хотел быть медведем;2002
Мальчик и мир;2013
Мальчик и птица;2023
Манускрипт ниндзя;1993
Марс Экспресс;2023
Марсель, ракушка в ботинках;2021
Маугли;1973
Мегамозг;2010
Медвежонок Винни и его друзья;2011
Мемуары улитки;2024
Меркано-марсианин;2002
Мёртвые листья: Звёздная тюряга;2004
Метропия;2009
Метрополис;2001
Меч в камне;1963
Мечты робота;2023
Миа и Мигу;2008
Микки: Однажды под Рождество;1999
Мирай из будущего;2018
Миссия Дарвина;2009
Митчеллы против машин;2020
Многоцветье;2010
Моана;2016
Могила светлячков;1988
Мой сосед Тоторо;1988
Монстр в Париже;2010
Монстры на каникулах;2012
Монстры против пришельцев;2009
Морской монстр;2022
Морщинки;2011
Моя собака Тюльпан;2009
Мулан;1998
Муравей Антц;1998
Мутанты-пришельцы;2001
Мэри и Макс;2009
Мясорубка;2006
Навсикая из долины ветров;1984
Наруто 9: Путь ниндзя;2012
Наши соседи Ямада;1999
Небесные тихоходы;2008
Небесный замок Лапута;1986
Неисправимый Рон;2021
Необыкновенный концерт;1972
Необычные сказки;2013
Нимона;2023
Новые приключения Золушки;2006
Нос, или Заговор «не таких»;2020
Ночь коротка, гуляй, девчонка;2017
Ночь на галактической железной дороге;1985
Обитатели холмов;1978
Облачно, возможны осадки в виде фрикаделек;2009
Оборотни;1999
Оглянись;2024
Огонек-Огниво;2020
Огонь и лед;1983
Ограбление по Фрейду;2018
Однажды в Токио;2003
Океан чудес;2022
Онгаку: Наш звук;2019
Орион и Тьма;2024
Остров Джованни;2014
Остров собак;2018
Остров сокровищ;1988
Отважный маленький тостер;1987
Отряд «Америка»: Всемирная полиция;2004
Отряд самоубийц: Строгое наказание;2018
Отчаянные псы;1982
Паника в деревне;2009
Папин дракон;2022
Паприка;2006
Паранорман, или Как приручить зомби;2012
Пережить свою жизнь;2010
Переход;2021
Персиполис;2007
Песнь моря;2014
Печальная Белладонна;1973
Пиноккио;1940
Пиноккио Гильермо дель Торо;2022
Пираты! Банда неудачников;2012
Питер Пэн;1952
Плавучий дом;2022
Планета сокровищ;1982
Планета сокровищ;2002
Плохие парни;2022
По ту сторону океана;2016
Побег;2021
Побег из курятника;2000
Повесть о Гэндзи;1987
Подводная братва;2004
Покахонтас;1995
Полёт драконов;1982
Полиция будущего;1989
Полиция будущего: Восстание;1993
Полный расколбас;2016
Полярный экспресс;2004
Помпоко: Война тануки в период Хэйсэй;1994
Помутнение;2006
Порко Россо;1992
Поп Америка;1981
Последний единорог;1982
Последняя фантазия VII: Дети пришествия;2005
Последняя фантазия;2001
Потерянное звено;2019
Похождения императора;2000
Правдивая история Красной Шапки;2005
Призрак в доспехах;1995
Призрак в доспехах 2: Невинность;2004
Призрачный мир Эль Супербисто;2009
Приключения Буратино;1959
Приключения Винни Пуха;1977
Приключения знаменитого Кота-сыщика;1994
Приключения Икабода и мистера Тоада;1949
Приключения кота Фрица;1972
Приключения Марка Твена;1985
Приключения пингвинёнка Лоло;1986
Приключения принца Ахмеда;1926
Приключения Тинтина: Тайна единорога;2011
Приключения Флика;1998
Принц Египта;1998
Принцесса;2006
Принцесса и лягушка;2009
Принцесса Лебедь;1994
Принцесса Мононоке;1997
Принцы и принцессы;2000
Про Федота-стрельца, удалого молодца;2008
Пробуждение жизни;2001
Пропавший рысенок;2008
Психонавты, забытые дети;2015
Путешествие в Эльдорадо;2002
Путешествие к центру земли;1977
Райя и последний дракон;2021
Ральф;2012
Ральф против интернета;2018
Ранго;2011
Рапунцель: Запутанная история;2010
Рататуй;2007
Рио;2011
Робин Гуд;1973
Робинзон Крузо: Предводитель пиратов;2011
Роботы;2005
Рождественская история;2009
Роман о лисе;1937
Рояль в лесу;2007
Русалочка;1989
Рыбка Поньо на утесе;2008
Рэдволл: Фильм;2000
Сад изящных слов;2013
Седер-мазохизм;2018
Сезон охоты;2006
Секрет Н.И.М.Х.;1982
Секретная служба Санта-Клауса;2011
Семь воронов;1937
Сердце хочет кричать;2015
Симпсоны в кино;2007
Синдбад: Легенда семи морей;2003
Синко с вихром и тысячелетняя магия;2009
Сирена;2023
Сирокко из страны ветров;2023
Сита поет блюз;2008
Сказание о принцессе Кагуя;2013
Сказания Земноморья;2006
Сказки Серого Волка;2016
Скуби-Ду и кибер погоня;2001
Сластолюбец;1991
Смех и горе у Бела моря;1988
Смешарики. Легенда о золотом драконе;2016
Смешарики снимают кино;2023
Смывайся;2006
Снежная королева;1957
Снупи и мелочь пузатая в кино;2015
Со склонов Кокурико;2011
Сон в летнюю ночь;1959
Спасатели;1977
Спирит: Душа прерий;2002
Спящая красавица;1958
Стальной алхимик: Завоеватель Шамбалы;2005
Стальной гигант;1999
Старик Зет;1991
Супермен/Бэтмен: Враги общества;2009
Суперсемейка;2004
Суперсемейка 2;2018
Счастлив ли человек высокого роста?: Анимированная беседа с Ноамом Чомски;2013
Сын белой лошади;1981
Таинственный остров;2019
Тайна Келлс;2008
Тайна Коко;2017
Тайна красной планеты;2011
Тайна третьей планеты;1981
Тайная жизнь домашних животных;2016
Тайная жизнь пингвинов;2018
Тамала 2010;2002
Тарзан;1999
Тачки;2006
Тачки 2;2011
Тачки 3;2017
Твоё имя;2016
Темный рыцарь: Возрождение легенды;2012
Течение;2024
Том и Джерри: Быстрый и бешеный;2005
Том и Джерри: Фильм;1992
Трансформеры: Начало;2024
Три богатыря и Шамаханская царица;2010
Трио из Бельвилля;2003
Тролль в центральном парке;1994
Труп невесты;2005
Тяжелый метал;1981
Убей это и покинь город;2020
Убить Боба;2008
Удивительная история Мароны;2019
Уколи меня;2010
Укрась прощальное утро цветами обещания;2018
Унесённые призраками;2001
Университет монстров;2013
Уоллес и Громит: Проклятие кролика-оборотня;2005
Урок Фауста;1994
Ученик чудовища;2015
Фантазия;1940
Фантазия 2000;1999
Фантастические дни;2003
Фердинанд;2017
Финес и Ферб: Покорение второго измерения;2011
Форма голоса;2016
Франкенвини;2012
Фунань: Новые люди;2018
Футурама: Игра Бендера;2008
Хоббит;1977
Ходячий замок;2004
Холодное сердце;2013
Холодное сердце 2;2019
Хорошего дня;2017
Хортон;2008
Хочу съесть твою поджелудочную железу;2018
Храбрая сердцем;2012
Хранители снов;2012
Хранитель Луны;2014
Хребет ночи;2021
Хрусталик и пингвин;1995
Царь обезьян;1961
Цыплёнок для Линды!;2023
Человек-паук: Через вселенные;2018
Человек-паук: Паутина вселенных;2023
Черепашки-ниндзя;2007
Черепашки-ниндзя: Погром мутантов;2023
Черный котел;1985
Четыре души Койота;2023
Чико и Рита;2009
Швейцарец Крис;2018
Шёпот сердца;1995
Шрэк;2001
Шрэк 2;2004
Шрэк Третий;2007
Щелкунчик и мышиный король;2004
Шинель;1981
Эдит и я;2009
Элементарно;2023
Эликсир красоты;2020
Энканто;2021
Энтергалактик;2022
Эрнест и Селестина: Приключения мышки и медведя;2012
Эрнест и Селестина: Новые приключения;2022
Этель и Эрнест;2016
Это Эдик;2020
Этот восхитительный пирог!;2018
Этот глупый свин не понимает мечту девочки-зайки. Фильм;2018
Этот дом;2022
Южный Парк: Большой, длинный, необрезанный;1999
Я краснею;2022
Я потеряла своё тело;2019
Яйцо ангела;1985